{
  "dropout": 0.4071162845036831,
  "in_len": 64,
  "include_hour": true,
  "lr": 0.0015034847856544946,
  "lstm_layers": 2,
  "num_attention_heads": 1,
  "out_len": 2
}