{
  "dropout": 0.40257382990259594,
  "in_len": 64,
  "include_hour": true,
  "lr": 0.0038444826874217855,
  "lstm_layers": 2,
  "num_attention_heads": 10,
  "out_len": 2
}