{
  "dropout": 0.23265733849654385,
  "in_len": 64,
  "include_hour": true,
  "lr": 0.005872818516744469,
  "lstm_layers": 3,
  "num_attention_heads": 2,
  "out_len": 2
}