{
  "dropout": 0.4829807348009553,
  "in_len": 32,
  "include_hour": true,
  "lr": 0.004185031709597852,
  "lstm_layers": 2,
  "num_attention_heads": 5,
  "out_len": 3
}