{
  "dropout": 0.4154086765719413,
  "in_len": 128,
  "include_hour": true,
  "lr": 0.010617844684561093,
  "lstm_layers": 2,
  "num_attention_heads": 2,
  "out_len": 1
}