{
  "dropout": 0.210618528587975,
  "in_len": 64,
  "include_hour": true,
  "lr": 0.03820394129336609,
  "lstm_layers": 3,
  "num_attention_heads": 4,
  "out_len": 3
}