{
  "dropout": 0.2495513367617561,
  "in_len": 128,
  "include_hour": true,
  "lr": 0.011173223447542098,
  "lstm_layers": 3,
  "num_attention_heads": 3,
  "out_len": 4
}