{
  "dropout": 0.1863543964564218,
  "in_len": 32,
  "include_hour": true,
  "lr": 0.04797722629031593,
  "lstm_layers": 2,
  "num_attention_heads": 6,
  "out_len": 2
}