{
  "dropout": 0.4670097910378237,
  "in_len": 128,
  "include_hour": true,
  "lr": 0.025750513038328947,
  "lstm_layers": 1,
  "num_attention_heads": 2,
  "out_len": 1
}