{
  "dropout": 0.4389025553349516,
  "in_len": 128,
  "include_hour": true,
  "lr": 0.005615699806335906,
  "lstm_layers": 2,
  "num_attention_heads": 2,
  "out_len": 2
}