{
  "dropout": 0.4605914419587361,
  "in_len": 32,
  "include_hour": true,
  "lr": 0.009115984294143085,
  "lstm_layers": 2,
  "num_attention_heads": 1,
  "out_len": 7
}