{
  "dropout": 0.4085536771344145,
  "in_len": 128,
  "include_hour": true,
  "lr": 0.009077798076221498,
  "lstm_layers": 2,
  "num_attention_heads": 2,
  "out_len": 1
}