{
  "dropout": 0.4162958504075796,
  "in_len": 128,
  "include_hour": true,
  "lr": 0.0012260339783853784,
  "lstm_layers": 3,
  "num_attention_heads": 2,
  "out_len": 2
}