{
  "dropout": 0.42341074442061655,
  "in_len": 128,
  "include_hour": true,
  "lr": 0.006899151565249687,
  "lstm_layers": 2,
  "num_attention_heads": 2,
  "out_len": 1
}