{
  "dropout": 0.4290292178205166,
  "in_len": 128,
  "include_hour": true,
  "lr": 0.015862089346682696,
  "lstm_layers": 2,
  "num_attention_heads": 5,
  "out_len": 4
}