{
  "dropout": 0.17959480359460164,
  "in_len": 32,
  "include_hour": true,
  "lr": 0.0027226688804031364,
  "lstm_layers": 2,
  "num_attention_heads": 5,
  "out_len": 3
}