{
  "dropout": 0.49462591123696437,
  "in_len": 128,
  "include_hour": true,
  "lr": 0.019117542284459155,
  "lstm_layers": 2,
  "num_attention_heads": 1,
  "out_len": 1
}