{
  "dropout": 0.4192019361071582,
  "in_len": 128,
  "include_hour": true,
  "lr": 0.008419911664336376,
  "lstm_layers": 2,
  "num_attention_heads": 2,
  "out_len": 1
}