{
  "dropout": 0.2506591323174938,
  "in_len": 64,
  "include_hour": true,
  "lr": 0.001268902733987882,
  "lstm_layers": 3,
  "num_attention_heads": 1,
  "out_len": 5
}