{
  "dropout": 0.4420842381981668,
  "in_len": 64,
  "include_hour": true,
  "lr": 0.00447970792632792,
  "lstm_layers": 2,
  "num_attention_heads": 3,
  "out_len": 2
}