{
  "dropout": 0.27713179503395025,
  "in_len": 32,
  "include_hour": true,
  "lr": 0.07918913119147286,
  "lstm_layers": 2,
  "num_attention_heads": 7,
  "out_len": 3
}