{
  "dropout": 0.16125077666420548,
  "in_len": 32,
  "include_hour": true,
  "lr": 0.007838040531976172,
  "lstm_layers": 2,
  "num_attention_heads": 2,
  "out_len": 2
}