{
  "dropout": 0.2612458315542622,
  "in_len": 128,
  "include_hour": true,
  "lr": 0.004609093415385137,
  "lstm_layers": 2,
  "num_attention_heads": 3,
  "out_len": 1
}