{
  "dropout": 0.4433547844275023,
  "in_len": 128,
  "include_hour": true,
  "lr": 0.01103639978676686,
  "lstm_layers": 2,
  "num_attention_heads": 1,
  "out_len": 1
}