{
  "dropout": 0.43576267548222447,
  "in_len": 64,
  "include_hour": true,
  "lr": 0.009762767059159773,
  "lstm_layers": 2,
  "num_attention_heads": 2,
  "out_len": 2
}