{
  "dropout": 0.3910405348171963,
  "in_len": 64,
  "include_hour": true,
  "lr": 0.0004812263596711068,
  "lstm_layers": 2,
  "num_attention_heads": 10,
  "out_len": 4
}