{
  "dropout": 0.14625899939471268,
  "in_len": 32,
  "include_hour": true,
  "lr": 0.006311598670130518,
  "lstm_layers": 2,
  "num_attention_heads": 5,
  "out_len": 3
}