{
  "dropout": 0.3975828594304649,
  "in_len": 128,
  "include_hour": true,
  "lr": 0.010937511226194423,
  "lstm_layers": 2,
  "num_attention_heads": 2,
  "out_len": 3
}