{
  "dropout": 0.14588775180902572,
  "in_len": 32,
  "include_hour": true,
  "lr": 0.013929695731482493,
  "lstm_layers": 2,
  "num_attention_heads": 5,
  "out_len": 3
}