{
  "dropout": 0.12772815960686765,
  "in_len": 32,
  "include_hour": true,
  "lr": 0.017103130795004584,
  "lstm_layers": 2,
  "num_attention_heads": 2,
  "out_len": 2
}