{
  "dropout": 0.49317243338967554,
  "in_len": 8,
  "include_hour": true,
  "lr": 0.09996313510586334,
  "lstm_layers": 2,
  "num_attention_heads": 11,
  "out_len": 6
}