{
  "dropout": 0.43913577725833636,
  "in_len": 128,
  "include_hour": true,
  "lr": 0.006269506570751242,
  "lstm_layers": 2,
  "num_attention_heads": 2,
  "out_len": 6
}