{
  "dropout": 0.28865147207276365,
  "in_len": 64,
  "include_hour": false,
  "lr": 0.030255556202312416,
  "lstm_layers": 3,
  "num_attention_heads": 3,
  "out_len": 3
}