{
  "dropout": 0.4434991362317238,
  "in_len": 64,
  "include_hour": true,
  "lr": 0.0032955754735135893,
  "lstm_layers": 2,
  "num_attention_heads": 3,
  "out_len": 2
}