{
  "dropout": 0.1341831641181061,
  "in_len": 64,
  "include_hour": true,
  "lr": 0.015318786192856712,
  "lstm_layers": 2,
  "num_attention_heads": 3,
  "out_len": 3
}