{
  "dropout": 0.14698700461485836,
  "in_len": 32,
  "include_hour": true,
  "lr": 0.010766798174562251,
  "lstm_layers": 2,
  "num_attention_heads": 5,
  "out_len": 3
}