{
  "dropout": 0.4064986891953302,
  "in_len": 16,
  "include_hour": true,
  "lr": 0.00740934685018913,
  "lstm_layers": 1,
  "num_attention_heads": 11,
  "out_len": 1
}