{
  "dropout": 0.1525792552994997,
  "in_len": 32,
  "include_hour": true,
  "lr": 0.02146314928788998,
  "lstm_layers": 2,
  "num_attention_heads": 5,
  "out_len": 3
}