{
  "dropout": 0.4164523116733352,
  "in_len": 128,
  "include_hour": true,
  "lr": 0.01036990140792248,
  "lstm_layers": 2,
  "num_attention_heads": 2,
  "out_len": 1
}