{
  "dropout": 0.1326813834036258,
  "in_len": 32,
  "include_hour": true,
  "lr": 0.015360871346959465,
  "lstm_layers": 2,
  "num_attention_heads": 6,
  "out_len": 3
}