{
  "dropout": 0.4436030617925849,
  "in_len": 32,
  "include_hour": true,
  "lr": 0.006659078176323561,
  "lstm_layers": 2,
  "num_attention_heads": 5,
  "out_len": 3
}