{
  "dropout": 0.12836533274180115,
  "in_len": 64,
  "include_hour": true,
  "lr": 0.006816732601039656,
  "lstm_layers": 2,
  "num_attention_heads": 5,
  "out_len": 4
}