{
  "dropout": 0.4297333158320298,
  "in_len": 128,
  "include_hour": true,
  "lr": 0.01485668581314049,
  "lstm_layers": 1,
  "num_attention_heads": 9,
  "out_len": 4
}