{
  "dropout": 0.13957286195672539,
  "in_len": 64,
  "include_hour": true,
  "lr": 0.0067355059916562815,
  "lstm_layers": 2,
  "num_attention_heads": 5,
  "out_len": 2
}