{
  "dropout": 0.47996980861483707,
  "in_len": 128,
  "include_hour": true,
  "lr": 0.010214992144307733,
  "lstm_layers": 2,
  "num_attention_heads": 2,
  "out_len": 1
}