{
  "dropout": 0.21287960369699382,
  "in_len": 128,
  "include_hour": true,
  "lr": 0.012251440091177826,
  "lstm_layers": 1,
  "num_attention_heads": 2,
  "out_len": 1
}