{
  "dropout": 0.41363180833326035,
  "in_len": 128,
  "include_hour": true,
  "lr": 0.012039193165018565,
  "lstm_layers": 2,
  "num_attention_heads": 2,
  "out_len": 1
}