{
  "dropout": 0.4156761924827129,
  "in_len": 64,
  "include_hour": true,
  "lr": 0.001268107211013394,
  "lstm_layers": 2,
  "num_attention_heads": 11,
  "out_len": 2
}