{
  "dropout": 0.3790572470729166,
  "in_len": 64,
  "include_hour": true,
  "lr": 0.0011150009653368412,
  "lstm_layers": 2,
  "num_attention_heads": 10,
  "out_len": 7
}