{
  "dropout": 0.42359379968961286,
  "in_len": 64,
  "include_hour": true,
  "lr": 0.0066472772207027565,
  "lstm_layers": 2,
  "num_attention_heads": 3,
  "out_len": 2
}