{
  "dropout": 0.42555718833790446,
  "in_len": 128,
  "include_hour": true,
  "lr": 0.008325530152778895,
  "lstm_layers": 2,
  "num_attention_heads": 2,
  "out_len": 1
}