{
  "dropout": 0.42753194444653564,
  "in_len": 64,
  "include_hour": true,
  "lr": 0.009887972002310558,
  "lstm_layers": 2,
  "num_attention_heads": 11,
  "out_len": 2
}