{
  "dropout": 0.2605272976536521,
  "in_len": 64,
  "include_hour": true,
  "lr": 0.010261446570336567,
  "lstm_layers": 2,
  "num_attention_heads": 4,
  "out_len": 2
}