{
  "dropout": 0.4880224753250128,
  "in_len": 128,
  "include_hour": true,
  "lr": 0.0038359775549449667,
  "lstm_layers": 3,
  "num_attention_heads": 1,
  "out_len": 3
}