{
  "dropout": 0.12187993485905783,
  "in_len": 64,
  "include_hour": false,
  "lr": 0.016100460725048726,
  "lstm_layers": 2,
  "num_attention_heads": 6,
  "out_len": 2
}