{
  "dropout": 0.3757864309208656,
  "in_len": 16,
  "include_hour": true,
  "lr": 0.00027681092793448603,
  "lstm_layers": 2,
  "num_attention_heads": 11,
  "out_len": 1
}