{
  "dropout": 0.4674809801293533,
  "in_len": 16,
  "include_hour": true,
  "lr": 0.00954481059235025,
  "lstm_layers": 3,
  "num_attention_heads": 2,
  "out_len": 11
}