{
  "dropout": 0.4240720610394366,
  "in_len": 128,
  "include_hour": true,
  "lr": 0.016784827889149045,
  "lstm_layers": 2,
  "num_attention_heads": 1,
  "out_len": 1
}