{
  "dropout": 0.4261442884726822,
  "in_len": 128,
  "include_hour": true,
  "lr": 0.027712302473902724,
  "lstm_layers": 2,
  "num_attention_heads": 3,
  "out_len": 1
}