{
  "dropout": 0.4329767042917447,
  "in_len": 128,
  "include_hour": true,
  "lr": 0.012082362904564763,
  "lstm_layers": 2,
  "num_attention_heads": 2,
  "out_len": 2
}