{
  "dropout": 0.24890582239741685,
  "in_len": 64,
  "include_hour": true,
  "lr": 0.005971741545911235,
  "lstm_layers": 2,
  "num_attention_heads": 1,
  "out_len": 2
}