{
  "dropout": 0.4288240849630928,
  "in_len": 128,
  "include_hour": true,
  "lr": 0.0017376254870278285,
  "lstm_layers": 2,
  "num_attention_heads": 9,
  "out_len": 2
}