{
  "dropout": 0.20105190694441713,
  "in_len": 64,
  "include_hour": true,
  "lr": 0.0017654835215431689,
  "lstm_layers": 2,
  "num_attention_heads": 5,
  "out_len": 2
}