{
  "dropout": 0.359165189258826,
  "in_len": 16,
  "include_hour": true,
  "lr": 0.0005490781914784272,
  "lstm_layers": 3,
  "num_attention_heads": 3,
  "out_len": 4
}