{
  "dropout": 0.19590542368828961,
  "in_len": 8,
  "include_hour": true,
  "lr": 0.010189303227041414,
  "lstm_layers": 3,
  "num_attention_heads": 3,
  "out_len": 6
}