{
  "dropout": 0.3342018464365374,
  "in_len": 64,
  "include_hour": true,
  "lr": 0.02071800130299014,
  "lstm_layers": 3,
  "num_attention_heads": 5,
  "out_len": 2
}