{
  "dropout": 0.23046582378704708,
  "in_len": 32,
  "include_hour": true,
  "lr": 0.00444595647243145,
  "lstm_layers": 3,
  "num_attention_heads": 3,
  "out_len": 2
}