{
  "dropout": 0.11639245130615017,
  "in_len": 64,
  "include_hour": true,
  "lr": 0.01622897618358536,
  "lstm_layers": 2,
  "num_attention_heads": 5,
  "out_len": 3
}