{
  "dropout": 0.4234925362569503,
  "in_len": 128,
  "include_hour": true,
  "lr": 0.008749483396476174,
  "lstm_layers": 2,
  "num_attention_heads": 2,
  "out_len": 1
}