{
  "dropout": 0.20503472177643955,
  "in_len": 64,
  "include_hour": true,
  "lr": 0.00643008259491962,
  "lstm_layers": 2,
  "num_attention_heads": 4,
  "out_len": 2
}