{
  "dropout": 0.2832604492819318,
  "in_len": 32,
  "include_hour": true,
  "lr": 0.0045027323120312365,
  "lstm_layers": 3,
  "num_attention_heads": 5,
  "out_len": 2
}