{
  "dropout": 0.4096097587764435,
  "in_len": 128,
  "include_hour": true,
  "lr": 0.010788618612568907,
  "lstm_layers": 2,
  "num_attention_heads": 1,
  "out_len": 1
}