{
  "dropout": 0.22522513804782474,
  "in_len": 64,
  "include_hour": true,
  "lr": 0.00859778683799507,
  "lstm_layers": 2,
  "num_attention_heads": 5,
  "out_len": 3
}