{
  "dropout": 0.416847555505199,
  "in_len": 128,
  "include_hour": true,
  "lr": 0.007825970091515665,
  "lstm_layers": 2,
  "num_attention_heads": 1,
  "out_len": 1
}