{
  "dropout": 0.15867955541775747,
  "in_len": 32,
  "include_hour": true,
  "lr": 0.006222035594289935,
  "lstm_layers": 2,
  "num_attention_heads": 5,
  "out_len": 3
}