{
  "dropout": 0.15779247664312138,
  "in_len": 32,
  "include_hour": true,
  "lr": 0.00013105625435169647,
  "lstm_layers": 2,
  "num_attention_heads": 5,
  "out_len": 3
}