{
  "dropout": 0.16504841440080378,
  "in_len": 32,
  "include_hour": true,
  "lr": 0.023117052934828946,
  "lstm_layers": 2,
  "num_attention_heads": 5,
  "out_len": 3
}