{
  "dropout": 0.1778431034587327,
  "in_len": 32,
  "include_hour": true,
  "lr": 0.014977011389841416,
  "lstm_layers": 2,
  "num_attention_heads": 6,
  "out_len": 3
}