{
  "dropout": 0.42978266754857813,
  "in_len": 128,
  "include_hour": true,
  "lr": 0.002750482035381925,
  "lstm_layers": 2,
  "num_attention_heads": 2,
  "out_len": 3
}