{
  "dropout": 0.4121241031095902,
  "in_len": 128,
  "include_hour": true,
  "lr": 0.008258733256637804,
  "lstm_layers": 2,
  "num_attention_heads": 2,
  "out_len": 2
}