{
  "dropout": 0.4216881529059183,
  "in_len": 128,
  "include_hour": true,
  "lr": 0.00812258192520329,
  "lstm_layers": 2,
  "num_attention_heads": 2,
  "out_len": 1
}