{
  "dropout": 0.13416059871832692,
  "in_len": 32,
  "include_hour": true,
  "lr": 0.009760794350395403,
  "lstm_layers": 2,
  "num_attention_heads": 5,
  "out_len": 3
}