{
  "dropout": 0.17422677597252725,
  "in_len": 32,
  "include_hour": true,
  "lr": 0.008593622546525924,
  "lstm_layers": 2,
  "num_attention_heads": 5,
  "out_len": 3
}