{
  "dropout": 0.41814438868213,
  "in_len": 128,
  "include_hour": true,
  "lr": 0.018868531270437926,
  "lstm_layers": 3,
  "num_attention_heads": 2,
  "out_len": 1
}