{
  "dropout": 0.3805593972993955,
  "in_len": 64,
  "include_hour": true,
  "lr": 0.0013641031925342233,
  "lstm_layers": 2,
  "num_attention_heads": 10,
  "out_len": 2
}