{
  "dropout": 0.4251293740300563,
  "in_len": 64,
  "include_hour": true,
  "lr": 0.00688485080862664,
  "lstm_layers": 2,
  "num_attention_heads": 2,
  "out_len": 2
}