{
  "dropout": 0.23645018963648218,
  "in_len": 64,
  "include_hour": true,
  "lr": 0.006208428523775801,
  "lstm_layers": 3,
  "num_attention_heads": 2,
  "out_len": 2
}