{
  "dropout": 0.18929422607822174,
  "in_len": 32,
  "include_hour": true,
  "lr": 0.005278364097002106,
  "lstm_layers": 2,
  "num_attention_heads": 1,
  "out_len": 3
}