{
  "dropout": 0.21738257926064608,
  "in_len": 4,
  "include_hour": true,
  "lr": 0.0005973007496740957,
  "lstm_layers": 1,
  "num_attention_heads": 10,
  "out_len": 4
}