{
  "dropout": 0.4461174658387473,
  "in_len": 64,
  "include_hour": true,
  "lr": 0.006082164238164137,
  "lstm_layers": 2,
  "num_attention_heads": 3,
  "out_len": 2
}