{
  "dropout": 0.2074274410080262,
  "in_len": 64,
  "include_hour": true,
  "lr": 0.006971015339823329,
  "lstm_layers": 3,
  "num_attention_heads": 2,
  "out_len": 3
}