{
  "dropout": 0.4562342983186466,
  "in_len": 128,
  "include_hour": true,
  "lr": 0.013525449395964093,
  "lstm_layers": 3,
  "num_attention_heads": 2,
  "out_len": 2
}