{
  "dropout": 0.4326522816231751,
  "in_len": 128,
  "include_hour": true,
  "lr": 0.010890779549954578,
  "lstm_layers": 2,
  "num_attention_heads": 2,
  "out_len": 1
}