{
  "dropout": 0.12789201403165132,
  "in_len": 32,
  "include_hour": true,
  "lr": 0.0075082344702577936,
  "lstm_layers": 2,
  "num_attention_heads": 5,
  "out_len": 3
}