{
  "dropout": 0.4768973301541419,
  "in_len": 128,
  "include_hour": true,
  "lr": 0.0029020206722932336,
  "lstm_layers": 3,
  "num_attention_heads": 1,
  "out_len": 3
}