{
  "dropout": 0.32647013034838696,
  "in_len": 64,
  "include_hour": true,
  "lr": 0.0016179506883079707,
  "lstm_layers": 3,
  "num_attention_heads": 4,
  "out_len": 5
}