{
  "dropout": 0.16191113652612263,
  "in_len": 32,
  "include_hour": true,
  "lr": 0.005355465828306695,
  "lstm_layers": 2,
  "num_attention_heads": 5,
  "out_len": 2
}