{
  "dropout": 0.10681228009755937,
  "in_len": 64,
  "include_hour": true,
  "lr": 0.03143222108997298,
  "lstm_layers": 2,
  "num_attention_heads": 4,
  "out_len": 2
}