{
  "dropout": 0.4211467486896063,
  "in_len": 128,
  "include_hour": true,
  "lr": 0.007607450801569545,
  "lstm_layers": 2,
  "num_attention_heads": 2,
  "out_len": 1
}