{
  "dropout": 0.4480144906772454,
  "in_len": 64,
  "include_hour": true,
  "lr": 0.004175275671221599,
  "lstm_layers": 2,
  "num_attention_heads": 3,
  "out_len": 2
}