{
  "dropout": 0.15749851841185128,
  "in_len": 8,
  "include_hour": true,
  "lr": 1.3266810112589002e-05,
  "lstm_layers": 2,
  "num_attention_heads": 3,
  "out_len": 2
}