{
  "dropout": 0.26992618836044757,
  "in_len": 4,
  "include_hour": true,
  "lr": 0.015779147442353945,
  "lstm_layers": 2,
  "num_attention_heads": 5,
  "out_len": 2
}