{
  "dropout": 0.2717066393670248,
  "in_len": 4,
  "include_hour": true,
  "lr": 1.979731377403489e-05,
  "lstm_layers": 1,
  "num_attention_heads": 3,
  "out_len": 1
}