{
  "dropout": 0.18551454737802675,
  "in_len": 32,
  "include_hour": true,
  "lr": 0.004795539805451015,
  "lstm_layers": 2,
  "num_attention_heads": 5,
  "out_len": 4
}