{
  "dropout": 0.1698520542204162,
  "in_len": 32,
  "include_hour": true,
  "lr": 0.002434599306861364,
  "lstm_layers": 2,
  "num_attention_heads": 5,
  "out_len": 3
}