{
  "dropout": 0.3775505540582602,
  "in_len": 64,
  "include_hour": true,
  "lr": 0.0017653857067861634,
  "lstm_layers": 2,
  "num_attention_heads": 10,
  "out_len": 2
}