{
  "dropout": 0.4003226821677056,
  "in_len": 64,
  "include_hour": true,
  "lr": 0.0014953993466153108,
  "lstm_layers": 2,
  "num_attention_heads": 4,
  "out_len": 1
}