{
  "dropout": 0.24787362230218635,
  "in_len": 128,
  "include_hour": true,
  "lr": 0.010728783149871772,
  "lstm_layers": 3,
  "num_attention_heads": 4,
  "out_len": 8
}