{
  "dropout": 0.23682750125203492,
  "in_len": 64,
  "include_hour": true,
  "lr": 2.99432607541875e-05,
  "lstm_layers": 2,
  "num_attention_heads": 3,
  "out_len": 6
}