{
  "dropout": 0.4228395163724727,
  "in_len": 128,
  "include_hour": true,
  "lr": 0.008435470723517198,
  "lstm_layers": 2,
  "num_attention_heads": 2,
  "out_len": 1
}