{
  "dropout": 0.16430067337436727,
  "in_len": 32,
  "include_hour": true,
  "lr": 0.020357325726807617,
  "lstm_layers": 2,
  "num_attention_heads": 4,
  "out_len": 2
}