{
  "dropout": 0.16576122479082334,
  "in_len": 32,
  "include_hour": true,
  "lr": 0.005016224021831425,
  "lstm_layers": 2,
  "num_attention_heads": 4,
  "out_len": 3
}