{
  "dropout": 0.18574460701040532,
  "in_len": 32,
  "include_hour": true,
  "lr": 0.010634573182104742,
  "lstm_layers": 2,
  "num_attention_heads": 3,
  "out_len": 5
}