{
  "dropout": 0.4873726133419507,
  "in_len": 128,
  "include_hour": true,
  "lr": 0.00904775772444502,
  "lstm_layers": 2,
  "num_attention_heads": 2,
  "out_len": 1
}