{
  "dropout": 0.11453340010169871,
  "in_len": 128,
  "include_hour": false,
  "lr": 0.007351000987359926,
  "lstm_layers": 2,
  "num_attention_heads": 6,
  "out_len": 3
}