{
  "dropout": 0.3843134303573058,
  "in_len": 32,
  "include_hour": true,
  "lr": 0.012837169925921292,
  "lstm_layers": 2,
  "num_attention_heads": 5,
  "out_len": 3
}