{
  "dropout": 0.15183705112221435,
  "in_len": 32,
  "include_hour": true,
  "lr": 0.010911329690894339,
  "lstm_layers": 2,
  "num_attention_heads": 5,
  "out_len": 3
}