{
  "dropout": 0.49715307363825867,
  "in_len": 128,
  "include_hour": true,
  "lr": 0.002610674475791189,
  "lstm_layers": 3,
  "num_attention_heads": 1,
  "out_len": 2
}