{
  "dropout": 0.4280043356105092,
  "in_len": 128,
  "include_hour": true,
  "lr": 0.00047487836162148225,
  "lstm_layers": 3,
  "num_attention_heads": 11,
  "out_len": 2
}