{
  "dropout": 0.1900210968559159,
  "in_len": 32,
  "include_hour": true,
  "lr": 0.0035517537000961156,
  "lstm_layers": 2,
  "num_attention_heads": 5,
  "out_len": 3
}