{
  "dropout": 0.24785672318035004,
  "in_len": 4,
  "include_hour": true,
  "lr": 0.00010063075814885816,
  "lstm_layers": 2,
  "num_attention_heads": 2,
  "out_len": 2
}