{
  "dropout": 0.4456249758545406,
  "in_len": 64,
  "include_hour": true,
  "lr": 0.001841920558088364,
  "lstm_layers": 2,
  "num_attention_heads": 3,
  "out_len": 2
}