{
  "dropout": 0.16802030012922708,
  "in_len": 32,
  "include_hour": true,
  "lr": 0.01446450068807788,
  "lstm_layers": 2,
  "num_attention_heads": 5,
  "out_len": 3
}