{
  "dropout": 0.4163822719340999,
  "in_len": 128,
  "include_hour": true,
  "lr": 0.009304137777347524,
  "lstm_layers": 2,
  "num_attention_heads": 2,
  "out_len": 3
}