{
  "dropout": 0.1416461593644038,
  "in_len": 32,
  "include_hour": true,
  "lr": 0.01339270797863537,
  "lstm_layers": 2,
  "num_attention_heads": 5,
  "out_len": 3
}