{
  "dropout": 0.39537675244038956,
  "in_len": 64,
  "include_hour": true,
  "lr": 0.0008284593134271107,
  "lstm_layers": 2,
  "num_attention_heads": 10,
  "out_len": 2
}