{
  "dropout": 0.4023572060276964,
  "in_len": 8,
  "include_hour": true,
  "lr": 0.004775714498807812,
  "lstm_layers": 2,
  "num_attention_heads": 3,
  "out_len": 2
}