{
  "dropout": 0.1560228793149018,
  "in_len": 32,
  "include_hour": true,
  "lr": 0.008722739030727655,
  "lstm_layers": 2,
  "num_attention_heads": 2,
  "out_len": 3
}