{
  "dropout": 0.430389766533847,
  "in_len": 64,
  "include_hour": true,
  "lr": 0.010364375850630382,
  "lstm_layers": 2,
  "num_attention_heads": 9,
  "out_len": 3
}