{
  "dropout": 0.4381929865090994,
  "in_len": 64,
  "include_hour": true,
  "lr": 0.0035942511527828768,
  "lstm_layers": 2,
  "num_attention_heads": 3,
  "out_len": 2
}