{
  "dropout": 0.45728149171300997,
  "in_len": 128,
  "include_hour": true,
  "lr": 0.012827095393498147,
  "lstm_layers": 3,
  "num_attention_heads": 2,
  "out_len": 2
}