{
  "dropout": 0.30603503356746864,
  "in_len": 32,
  "include_hour": true,
  "lr": 0.00876188088446954,
  "lstm_layers": 2,
  "num_attention_heads": 5,
  "out_len": 5
}