{
  "dropout": 0.23367372986833534,
  "in_len": 32,
  "include_hour": true,
  "lr": 0.013896538631485298,
  "lstm_layers": 2,
  "num_attention_heads": 5,
  "out_len": 3
}