{
  "dropout": 0.42606918410923184,
  "in_len": 128,
  "include_hour": true,
  "lr": 0.010117966630311807,
  "lstm_layers": 2,
  "num_attention_heads": 2,
  "out_len": 1
}