{
  "dropout": 0.25642970691747885,
  "in_len": 32,
  "include_hour": true,
  "lr": 0.012175748791898753,
  "lstm_layers": 2,
  "num_attention_heads": 1,
  "out_len": 1
}