{
  "dropout": 0.13846743741276019,
  "in_len": 64,
  "include_hour": true,
  "lr": 0.008203012923342419,
  "lstm_layers": 3,
  "num_attention_heads": 5,
  "out_len": 2
}