{
  "dropout": 0.18930352307250503,
  "in_len": 32,
  "include_hour": true,
  "lr": 0.009817997983414784,
  "lstm_layers": 2,
  "num_attention_heads": 4,
  "out_len": 2
}