{
  "dropout": 0.3859138425765332,
  "in_len": 32,
  "include_hour": true,
  "lr": 0.04145919746797109,
  "lstm_layers": 2,
  "num_attention_heads": 4,
  "out_len": 1
}