{
  "dropout": 0.4628097171690599,
  "in_len": 128,
  "include_hour": true,
  "lr": 0.005954032113507962,
  "lstm_layers": 2,
  "num_attention_heads": 2,
  "out_len": 1
}