{
  "dropout": 0.43021238539337875,
  "in_len": 64,
  "include_hour": true,
  "lr": 0.006456659566581056,
  "lstm_layers": 2,
  "num_attention_heads": 11,
  "out_len": 2
}