{
  "dropout": 0.1790061931115466,
  "in_len": 64,
  "include_hour": true,
  "lr": 0.011701395189548198,
  "lstm_layers": 2,
  "num_attention_heads": 5,
  "out_len": 2
}