{
  "dropout": 0.4808237359984147,
  "in_len": 128,
  "include_hour": true,
  "lr": 0.018525011545086893,
  "lstm_layers": 2,
  "num_attention_heads": 1,
  "out_len": 2
}