{
  "dropout": 0.436917333228833,
  "in_len": 64,
  "include_hour": true,
  "lr": 0.003001054190160911,
  "lstm_layers": 2,
  "num_attention_heads": 3,
  "out_len": 2
}