{
  "dropout": 0.43025971645254013,
  "in_len": 128,
  "include_hour": true,
  "lr": 0.0046717934946181325,
  "lstm_layers": 2,
  "num_attention_heads": 3,
  "out_len": 2
}