{
  "dropout": 0.16846162706713821,
  "in_len": 32,
  "include_hour": true,
  "lr": 0.003637705956522962,
  "lstm_layers": 2,
  "num_attention_heads": 2,
  "out_len": 3
}