{
  "dropout": 0.2611072257187731,
  "in_len": 32,
  "include_hour": true,
  "lr": 0.014502743290633393,
  "lstm_layers": 2,
  "num_attention_heads": 1,
  "out_len": 2
}