{
  "dropout": 0.1092940253689375,
  "in_len": 32,
  "include_hour": true,
  "lr": 0.017599903165431866,
  "lstm_layers": 2,
  "num_attention_heads": 5,
  "out_len": 3
}