{
  "dropout": 0.17935713544006243,
  "in_len": 32,
  "include_hour": true,
  "lr": 0.014705712405461882,
  "lstm_layers": 2,
  "num_attention_heads": 3,
  "out_len": 3
}