{
  "dropout": 0.4153864138760033,
  "in_len": 128,
  "include_hour": true,
  "lr": 0.013874295867708305,
  "lstm_layers": 2,
  "num_attention_heads": 1,
  "out_len": 1
}