{
  "dropout": 0.43576835491117194,
  "in_len": 128,
  "include_hour": true,
  "lr": 0.008282678799507111,
  "lstm_layers": 2,
  "num_attention_heads": 2,
  "out_len": 1
}