{
  "dropout": 0.46595904837388374,
  "in_len": 128,
  "include_hour": true,
  "lr": 0.014714144483625872,
  "lstm_layers": 1,
  "num_attention_heads": 2,
  "out_len": 1
}