{
  "dropout": 0.49800452398359446,
  "in_len": 128,
  "include_hour": true,
  "lr": 0.0003743181275820698,
  "lstm_layers": 3,
  "num_attention_heads": 8,
  "out_len": 2
}