{
  "dropout": 0.3946551671359175,
  "in_len": 128,
  "include_hour": true,
  "lr": 0.0006722778218383178,
  "lstm_layers": 3,
  "num_attention_heads": 2,
  "out_len": 4
}