{
  "dropout": 0.4246392484628815,
  "in_len": 128,
  "include_hour": true,
  "lr": 0.008043573962625701,
  "lstm_layers": 2,
  "num_attention_heads": 2,
  "out_len": 1
}