{
  "dropout": 0.1624759507612258,
  "in_len": 32,
  "include_hour": true,
  "lr": 0.005844676268482589,
  "lstm_layers": 2,
  "num_attention_heads": 5,
  "out_len": 3
}