{
  "dropout": 0.4114412765246109,
  "in_len": 64,
  "include_hour": true,
  "lr": 0.0010617120713821441,
  "lstm_layers": 3,
  "num_attention_heads": 4,
  "out_len": 9
}