{
  "dropout": 0.2055330672817181,
  "in_len": 64,
  "include_hour": true,
  "lr": 0.02531754783449804,
  "lstm_layers": 3,
  "num_attention_heads": 3,
  "out_len": 3
}