{
  "dropout": 0.4473518761897397,
  "in_len": 128,
  "include_hour": true,
  "lr": 0.015047480651892571,
  "lstm_layers": 2,
  "num_attention_heads": 2,
  "out_len": 2
}