{
  "dropout": 0.1745955010854625,
  "in_len": 4,
  "include_hour": false,
  "lr": 0.003778388499867933,
  "lstm_layers": 2,
  "num_attention_heads": 6,
  "out_len": 2
}