{
  "dropout": 0.4962294739734502,
  "in_len": 128,
  "include_hour": true,
  "lr": 0.006206972198798299,
  "lstm_layers": 3,
  "num_attention_heads": 1,
  "out_len": 2
}