{
  "dropout": 0.15273027907247144,
  "in_len": 64,
  "include_hour": true,
  "lr": 0.007415439201633701,
  "lstm_layers": 2,
  "num_attention_heads": 2,
  "out_len": 3
}