{
  "dropout": 0.43008074893039155,
  "in_len": 64,
  "include_hour": true,
  "lr": 0.010090355521529457,
  "lstm_layers": 2,
  "num_attention_heads": 2,
  "out_len": 2
}