{
  "dropout": 0.14750910494655545,
  "in_len": 32,
  "include_hour": true,
  "lr": 0.012742121956044397,
  "lstm_layers": 2,
  "num_attention_heads": 4,
  "out_len": 2
}