{
  "dropout": 0.36271390981471563,
  "in_len": 128,
  "include_hour": true,
  "lr": 0.0004815332855366776,
  "lstm_layers": 1,
  "num_attention_heads": 3,
  "out_len": 9
}