{
  "dropout": 0.4479904024087137,
  "in_len": 128,
  "include_hour": true,
  "lr": 0.006889861933162282,
  "lstm_layers": 2,
  "num_attention_heads": 2,
  "out_len": 1
}