{
  "dropout": 0.44596594456226957,
  "in_len": 128,
  "include_hour": true,
  "lr": 0.010434798445439463,
  "lstm_layers": 2,
  "num_attention_heads": 1,
  "out_len": 1
}