{
  "dropout": 0.4530727865938153,
  "in_len": 128,
  "include_hour": true,
  "lr": 0.013420503554296657,
  "lstm_layers": 2,
  "num_attention_heads": 2,
  "out_len": 2
}