{
  "dropout": 0.3706100819100724,
  "in_len": 128,
  "include_hour": true,
  "lr": 0.0014408968224644317,
  "lstm_layers": 3,
  "num_attention_heads": 5,
  "out_len": 3
}