{
  "dropout": 0.19652562082261876,
  "in_len": 64,
  "include_hour": false,
  "lr": 0.0047889358262330995,
  "lstm_layers": 2,
  "num_attention_heads": 3,
  "out_len": 2
}