{
  "dropout": 0.31230778167146467,
  "in_len": 64,
  "include_hour": true,
  "lr": 0.00014288628659655825,
  "lstm_layers": 2,
  "num_attention_heads": 2,
  "out_len": 5
}