{
  "dropout": 0.4170128351133874,
  "in_len": 128,
  "include_hour": true,
  "lr": 0.014165606752151323,
  "lstm_layers": 1,
  "num_attention_heads": 9,
  "out_len": 2
}