{
  "dropout": 0.17951265874345324,
  "in_len": 4,
  "include_hour": true,
  "lr": 0.0029417951729318716,
  "lstm_layers": 3,
  "num_attention_heads": 3,
  "out_len": 3
}