{
  "dropout": 0.41855898356565474,
  "in_len": 128,
  "include_hour": true,
  "lr": 0.010103304552310495,
  "lstm_layers": 3,
  "num_attention_heads": 2,
  "out_len": 3
}