{
  "dropout": 0.14605367638549477,
  "in_len": 32,
  "include_hour": true,
  "lr": 0.012143308405689002,
  "lstm_layers": 2,
  "num_attention_heads": 5,
  "out_len": 3
}