{
  "dropout": 0.1348356210426733,
  "in_len": 32,
  "include_hour": true,
  "lr": 0.0003099882145449088,
  "lstm_layers": 2,
  "num_attention_heads": 2,
  "out_len": 3
}