{
  "dropout": 0.3999841078037829,
  "in_len": 128,
  "include_hour": true,
  "lr": 0.0008040204997604254,
  "lstm_layers": 2,
  "num_attention_heads": 2,
  "out_len": 3
}