{
  "dropout": 0.1853982023300383,
  "in_len": 64,
  "include_hour": true,
  "lr": 0.0026756690321051123,
  "lstm_layers": 2,
  "num_attention_heads": 5,
  "out_len": 3
}