{
  "dropout": 0.14094977572717107,
  "in_len": 64,
  "include_hour": false,
  "lr": 0.009624195331324498,
  "lstm_layers": 2,
  "num_attention_heads": 7,
  "out_len": 2
}