{
  "dropout": 0.28291832823735913,
  "in_len": 32,
  "include_hour": true,
  "lr": 0.003030081070810435,
  "lstm_layers": 2,
  "num_attention_heads": 5,
  "out_len": 3
}