{
  "dropout": 0.33240086054498375,
  "in_len": 128,
  "include_hour": true,
  "lr": 0.0007759241317248597,
  "lstm_layers": 2,
  "num_attention_heads": 11,
  "out_len": 2
}