{
  "dropout": 0.4203155370839816,
  "in_len": 128,
  "include_hour": true,
  "lr": 0.013078554921823247,
  "lstm_layers": 2,
  "num_attention_heads": 2,
  "out_len": 2
}