{
  "dropout": 0.16219753212392396,
  "in_len": 32,
  "include_hour": true,
  "lr": 0.005088511702609639,
  "lstm_layers": 2,
  "num_attention_heads": 4,
  "out_len": 2
}