{
  "dropout": 0.4195591081019816,
  "in_len": 128,
  "include_hour": true,
  "lr": 0.009701026843768078,
  "lstm_layers": 2,
  "num_attention_heads": 2,
  "out_len": 2
}