{
  "dropout": 0.44914586510425697,
  "in_len": 128,
  "include_hour": true,
  "lr": 0.013469133068219218,
  "lstm_layers": 2,
  "num_attention_heads": 2,
  "out_len": 2
}