{
  "dropout": 0.45315748580970067,
  "in_len": 128,
  "include_hour": true,
  "lr": 0.000933628419768837,
  "lstm_layers": 3,
  "num_attention_heads": 7,
  "out_len": 1
}