{
  "dropout": 0.41136688450046777,
  "in_len": 128,
  "include_hour": true,
  "lr": 0.011380070152247594,
  "lstm_layers": 2,
  "num_attention_heads": 2,
  "out_len": 2
}