{
  "dropout": 0.2020099188580149,
  "in_len": 32,
  "include_hour": false,
  "lr": 0.015158079333092942,
  "lstm_layers": 2,
  "num_attention_heads": 7,
  "out_len": 1
}