{
  "dropout": 0.4647816037104565,
  "in_len": 16,
  "include_hour": true,
  "lr": 0.00923885546383592,
  "lstm_layers": 3,
  "num_attention_heads": 2,
  "out_len": 2
}