{
  "dropout": 0.2372395806088203,
  "in_len": 32,
  "include_hour": true,
  "lr": 0.014742465412147052,
  "lstm_layers": 2,
  "num_attention_heads": 5,
  "out_len": 3
}