{
  "dropout": 0.4141178226616231,
  "in_len": 128,
  "include_hour": true,
  "lr": 0.0026587587223233016,
  "lstm_layers": 2,
  "num_attention_heads": 2,
  "out_len": 2
}