{
  "dropout": 0.3675620308855819,
  "in_len": 64,
  "include_hour": true,
  "lr": 0.0013886924035348529,
  "lstm_layers": 2,
  "num_attention_heads": 10,
  "out_len": 2
}