{
  "dropout": 0.4397496441659235,
  "in_len": 128,
  "include_hour": true,
  "lr": 0.006468598473943777,
  "lstm_layers": 2,
  "num_attention_heads": 2,
  "out_len": 1
}