{
  "dropout": 0.4213599485535619,
  "in_len": 128,
  "include_hour": true,
  "lr": 0.007513278755184063,
  "lstm_layers": 2,
  "num_attention_heads": 2,
  "out_len": 1
}