{
  "dropout": 0.4447325639507558,
  "in_len": 64,
  "include_hour": true,
  "lr": 0.005491361613770063,
  "lstm_layers": 2,
  "num_attention_heads": 3,
  "out_len": 2
}