{
  "dropout": 0.43218139156538243,
  "in_len": 64,
  "include_hour": true,
  "lr": 0.005334566899077069,
  "lstm_layers": 2,
  "num_attention_heads": 3,
  "out_len": 2
}