{
  "dropout": 0.457947721379858,
  "in_len": 128,
  "include_hour": true,
  "lr": 0.00046052989943580025,
  "lstm_layers": 3,
  "num_attention_heads": 11,
  "out_len": 2
}