{
  "dropout": 0.40711333082897216,
  "in_len": 128,
  "include_hour": true,
  "lr": 0.011761750922840535,
  "lstm_layers": 2,
  "num_attention_heads": 2,
  "out_len": 1
}