{
  "dropout": 0.45721681278958715,
  "in_len": 64,
  "include_hour": false,
  "lr": 0.010678240119310532,
  "lstm_layers": 2,
  "num_attention_heads": 3,
  "out_len": 2
}