{
  "dropout": 0.41892632502704635,
  "in_len": 128,
  "include_hour": true,
  "lr": 0.010816774215923227,
  "lstm_layers": 2,
  "num_attention_heads": 2,
  "out_len": 1
}