{
  "dropout": 0.4324258424729172,
  "in_len": 128,
  "include_hour": true,
  "lr": 0.010614831814533137,
  "lstm_layers": 2,
  "num_attention_heads": 2,
  "out_len": 1
}