{
  "dropout": 0.20098326480291448,
  "in_len": 64,
  "include_hour": true,
  "lr": 0.010616843246412686,
  "lstm_layers": 3,
  "num_attention_heads": 4,
  "out_len": 2
}