{
  "dropout": 0.2846999601625958,
  "in_len": 64,
  "include_hour": true,
  "lr": 0.009824296426081021,
  "lstm_layers": 3,
  "num_attention_heads": 3,
  "out_len": 3
}