{
  "dropout": 0.43739570254821514,
  "in_len": 128,
  "include_hour": true,
  "lr": 0.0019311817980783607,
  "lstm_layers": 2,
  "num_attention_heads": 11,
  "out_len": 3
}