{
  "dropout": 0.1955480571814131,
  "in_len": 64,
  "include_hour": true,
  "lr": 0.02099790350578544,
  "lstm_layers": 3,
  "num_attention_heads": 5,
  "out_len": 2
}