{
  "dropout": 0.2878013528051559,
  "in_len": 64,
  "include_hour": true,
  "lr": 0.004032245283754413,
  "lstm_layers": 3,
  "num_attention_heads": 5,
  "out_len": 3
}