{
  "dropout": 0.2436728951169752,
  "in_len": 32,
  "include_hour": true,
  "lr": 0.015706984430206822,
  "lstm_layers": 2,
  "num_attention_heads": 5,
  "out_len": 2
}