{
  "dropout": 0.4997948199916388,
  "in_len": 32,
  "include_hour": true,
  "lr": 0.02010113122398582,
  "lstm_layers": 2,
  "num_attention_heads": 10,
  "out_len": 5
}