{
  "dropout": 0.4818927006931252,
  "in_len": 8,
  "include_hour": true,
  "lr": 0.010051029953974576,
  "lstm_layers": 2,
  "num_attention_heads": 2,
  "out_len": 5
}