{
  "dropout": 0.3463950589259093,
  "in_len": 128,
  "include_hour": true,
  "lr": 0.0007663641328933306,
  "lstm_layers": 2,
  "num_attention_heads": 11,
  "out_len": 3
}