{
  "dropout": 0.20594411987986203,
  "in_len": 32,
  "include_hour": true,
  "lr": 0.014151012454789943,
  "lstm_layers": 2,
  "num_attention_heads": 10,
  "out_len": 2
}