{
  "dropout": 0.4913718712466562,
  "in_len": 128,
  "include_hour": true,
  "lr": 0.0023877064613535507,
  "lstm_layers": 3,
  "num_attention_heads": 8,
  "out_len": 2
}