{
  "dropout": 0.4342010887141007,
  "in_len": 4,
  "include_hour": true,
  "lr": 0.014424833506909393,
  "lstm_layers": 2,
  "num_attention_heads": 2,
  "out_len": 8
}