{
  "dropout": 0.14957163324259387,
  "in_len": 32,
  "include_hour": true,
  "lr": 0.003225005987123913,
  "lstm_layers": 2,
  "num_attention_heads": 2,
  "out_len": 3
}