{
  "dropout": 0.4001405188971194,
  "in_len": 128,
  "include_hour": true,
  "lr": 0.009545992761501046,
  "lstm_layers": 2,
  "num_attention_heads": 2,
  "out_len": 1
}