{
  "dropout": 0.15152663771929195,
  "in_len": 64,
  "include_hour": true,
  "lr": 0.01788910985626662,
  "lstm_layers": 2,
  "num_attention_heads": 3,
  "out_len": 4
}