{
  "dropout": 0.432287656035679,
  "in_len": 128,
  "include_hour": true,
  "lr": 0.005999640271661576,
  "lstm_layers": 2,
  "num_attention_heads": 2,
  "out_len": 2
}