{
  "dropout": 0.2726191864640652,
  "in_len": 16,
  "include_hour": true,
  "lr": 0.00583728381063187,
  "lstm_layers": 1,
  "num_attention_heads": 2,
  "out_len": 10
}