{
  "dropout": 0.2295766665506658,
  "in_len": 64,
  "include_hour": false,
  "lr": 0.01787946459141233,
  "lstm_layers": 2,
  "num_attention_heads": 7,
  "out_len": 1
}