{
  "dropout": 0.2510709862253486,
  "in_len": 64,
  "include_hour": true,
  "lr": 0.008269031723548603,
  "lstm_layers": 3,
  "num_attention_heads": 2,
  "out_len": 2
}