{
  "dropout": 0.339549833798252,
  "in_len": 64,
  "include_hour": true,
  "lr": 0.0177943789493087,
  "lstm_layers": 3,
  "num_attention_heads": 3,
  "out_len": 1
}