{
  "dropout": 0.41688684180173513,
  "in_len": 128,
  "include_hour": true,
  "lr": 0.007483881941116576,
  "lstm_layers": 3,
  "num_attention_heads": 2,
  "out_len": 1
}