{
  "dropout": 0.4936933398308408,
  "in_len": 128,
  "include_hour": true,
  "lr": 0.005768623311576341,
  "lstm_layers": 3,
  "num_attention_heads": 1,
  "out_len": 1
}