{
  "dropout": 0.42565588992393977,
  "in_len": 64,
  "include_hour": true,
  "lr": 0.012160690061110003,
  "lstm_layers": 2,
  "num_attention_heads": 4,
  "out_len": 2
}