{
  "dropout": 0.14026235577226365,
  "in_len": 8,
  "include_hour": true,
  "lr": 0.0009615075788170535,
  "lstm_layers": 2,
  "num_attention_heads": 6,
  "out_len": 5
}