{
  "dropout": 0.11112998088494175,
  "in_len": 32,
  "include_hour": true,
  "lr": 0.01788232550129159,
  "lstm_layers": 2,
  "num_attention_heads": 5,
  "out_len": 3
}