{
  "dropout": 0.43158848965332486,
  "in_len": 128,
  "include_hour": true,
  "lr": 0.008226467788108278,
  "lstm_layers": 2,
  "num_attention_heads": 2,
  "out_len": 2
}