{
  "dropout": 0.4273916968884903,
  "in_len": 128,
  "include_hour": true,
  "lr": 0.0068483688873286755,
  "lstm_layers": 2,
  "num_attention_heads": 2,
  "out_len": 1
}