{
  "dropout": 0.19607198224344013,
  "in_len": 64,
  "include_hour": true,
  "lr": 0.008462194791396536,
  "lstm_layers": 2,
  "num_attention_heads": 2,
  "out_len": 2
}