{
  "dropout": 0.43131617769724223,
  "in_len": 128,
  "include_hour": true,
  "lr": 0.028614569831702366,
  "lstm_layers": 2,
  "num_attention_heads": 2,
  "out_len": 2
}