{
  "dropout": 0.22637635419586039,
  "in_len": 8,
  "include_hour": true,
  "lr": 0.001119804978614669,
  "lstm_layers": 2,
  "num_attention_heads": 3,
  "out_len": 8
}