{
  "dropout": 0.43319454418964265,
  "in_len": 128,
  "include_hour": true,
  "lr": 0.01039831088180054,
  "lstm_layers": 2,
  "num_attention_heads": 2,
  "out_len": 1
}