{
  "dropout": 0.46410457284174406,
  "in_len": 64,
  "include_hour": true,
  "lr": 0.012381797195038293,
  "lstm_layers": 2,
  "num_attention_heads": 2,
  "out_len": 2
}