{
  "dropout": 0.40957474868638033,
  "in_len": 128,
  "include_hour": true,
  "lr": 0.011321409539492129,
  "lstm_layers": 2,
  "num_attention_heads": 1,
  "out_len": 1
}