{
  "dropout": 0.15928509002233138,
  "in_len": 32,
  "include_hour": true,
  "lr": 0.012078882677418194,
  "lstm_layers": 2,
  "num_attention_heads": 2,
  "out_len": 2
}