{
  "dropout": 0.168433236451725,
  "in_len": 32,
  "include_hour": true,
  "lr": 0.01332484031221272,
  "lstm_layers": 2,
  "num_attention_heads": 5,
  "out_len": 3
}