{
  "dropout": 0.30711897019887807,
  "in_len": 128,
  "include_hour": true,
  "lr": 0.00645677539158899,
  "lstm_layers": 2,
  "num_attention_heads": 2,
  "out_len": 1
}