{
  "dropout": 0.3881534393657328,
  "in_len": 64,
  "include_hour": true,
  "lr": 0.0016942664681182007,
  "lstm_layers": 2,
  "num_attention_heads": 10,
  "out_len": 3
}