{
  "dropout": 0.22058780930935823,
  "in_len": 32,
  "include_hour": true,
  "lr": 0.014823083962412094,
  "lstm_layers": 2,
  "num_attention_heads": 1,
  "out_len": 1
}