{
  "dropout": 0.17219307392180047,
  "in_len": 64,
  "include_hour": true,
  "lr": 0.006935211272006851,
  "lstm_layers": 1,
  "num_attention_heads": 4,
  "out_len": 2
}