{
  "dropout": 0.4238485548199612,
  "in_len": 64,
  "include_hour": true,
  "lr": 0.000953479749941408,
  "lstm_layers": 2,
  "num_attention_heads": 9,
  "out_len": 4
}