{
  "dropout": 0.2478681849179078,
  "in_len": 64,
  "include_hour": false,
  "lr": 0.004572892459706893,
  "lstm_layers": 3,
  "num_attention_heads": 2,
  "out_len": 3
}