{
  "dropout": 0.2132384571522299,
  "in_len": 32,
  "include_hour": false,
  "lr": 0.012736117363913531,
  "lstm_layers": 2,
  "num_attention_heads": 7,
  "out_len": 1
}