{
  "dropout": 0.41386749555000935,
  "in_len": 32,
  "include_hour": true,
  "lr": 0.009681374279498212,
  "lstm_layers": 2,
  "num_attention_heads": 5,
  "out_len": 2
}