{
  "dropout": 0.418056319080396,
  "in_len": 64,
  "include_hour": true,
  "lr": 0.011941736057446096,
  "lstm_layers": 2,
  "num_attention_heads": 11,
  "out_len": 2
}