{
  "dropout": 0.15191096026529502,
  "in_len": 32,
  "include_hour": true,
  "lr": 0.009340472883750275,
  "lstm_layers": 3,
  "num_attention_heads": 3,
  "out_len": 2
}